debugW0W98S:debug05RUW1,0,1604951893762,"{""phase"": ""INSTRUCTIONS"", ""templates"": [""instruct-1.html""], ""action"": ""Begin""}"
debugW0W98S:debug05RUW1,1,1604951894811,"{""phase"": ""INSTRUCTIONS"", ""indexOf"": 0, ""viewTime"": 1046, ""action"": ""FinishInstructions"", ""template"": ""instruct-1.html""}"
debugW0W98S:debug05RUW1,2,1604951894827,"{""phase"": ""demoquestionnaire"", ""status"": ""begin""}"
debugW0W98S:debug05RUW1,3,1604951902280,"{""phase"": ""demoquestionnaire"", ""status"": ""submit""}"
debugOCOHJ1:debugLIV0J8,0,1604952339255,"{""phase"": ""INSTRUCTIONS"", ""templates"": [""instruct-1.html""], ""action"": ""Begin""}"
debugOCOHJ1:debugLIV0J8,1,1604952340330,"{""phase"": ""INSTRUCTIONS"", ""indexOf"": 0, ""viewTime"": 1073, ""action"": ""FinishInstructions"", ""template"": ""instruct-1.html""}"
debugOCOHJ1:debugLIV0J8,2,1604952340336,"{""phase"": ""demoquestionnaire"", ""status"": ""begin""}"
debugOCOHJ1:debugLIV0J8,3,1604952344450,"{""phase"": ""demoquestionnaire"", ""status"": ""submit""}"
debugOCOHJ1:debugLIV0J8,4,1604952344472,"{""phase"": ""vidcheck"", ""status"": ""begin""}"
debugOCOHJ1:debugLIV0J8,5,1604952346564,"{""phase"": ""vidcheck"", ""status"": ""play/pause clicked: 0""}"
debugOCOHJ1:debugLIV0J8,6,1604952357348,"{""phase"": ""vidcheck"", ""status"": ""video ended""}"
debugOCOHJ1:debugLIV0J8,7,1604952360894,"{""phase"": ""vidcheck"", ""status"": ""submit""}"
debugOCOHJ1:debugLIV0J8,8,1604952360906,"{""phase"": ""intro_video"", ""status"": ""begin""}"
debugOCOHJ1:debugLIV0J8,9,1604952363817,"{""phase"": ""intro_video"", ""status"": ""play/pause clicked: 0""}"
debugOCOHJ1:debugLIV0J8,10,1604952418627,"{""phase"": ""intro_video"", ""status"": ""video ended""}"
debugOCOHJ1:debugLIV0J8,11,1604952420196,"{""phase"": ""intro_video"", ""status"": ""submit""}"
debugOCOHJ1:debugLIV0J8,12,1604952420208,"{""phase"": ""pretest"", ""status"": ""begin""}"
debugOCOHJ1:debugLIV0J8,13,1604952458011,"{""phase"": ""pretest"", ""status"": ""submit""}"
debugOCOHJ1:debugLIV0J8,14,1604952458017,"{""phase"": ""command_video"", ""status"": ""begin""}"
debugOCOHJ1:debugLIV0J8,15,1604952460425,"{""phase"": ""command_video"", ""status"": ""play/pause clicked: 0""}"
debugOCOHJ1:debugLIV0J8,16,1604952483016,"{""phase"": ""command_video"", ""status"": ""video ended""}"
debugOCOHJ1:debugLIV0J8,17,1604952485613,"{""phase"": ""command_video"", ""status"": ""submit""}"
debugOCOHJ1:debugLIV0J8,18,1604952485615,"{""phase"": ""response_video"", ""status"": ""begin""}"
debugOCOHJ1:debugLIV0J8,19,1604952488590,"{""phase"": ""response_video"", ""status"": ""play/pause clicked: 0""}"
debugOCOHJ1:debugLIV0J8,20,1604952498897,"{""phase"": ""response_video"", ""status"": ""video ended""}"
debugOCOHJ1:debugLIV0J8,21,1604952499344,"{""phase"": ""response_video"", ""status"": ""submit""}"
debugOCOHJ1:debugLIV0J8,22,1604952499349,"{""phase"": ""questions"", ""status"": ""begin""}"
debugOCOHJ1:debugLIV0J8,23,1604952527730,"{""phase"": ""questions_/static/videos/response/question/toward_shrug"", ""status"": ""submit""}"
debugOCOHJ1:debugLIV0J8,24,1604952527737,"{""phase"": ""response_video"", ""status"": ""begin""}"
debugOCOHJ1:debugLIV0J8,25,1604952529788,"{""phase"": ""response_video"", ""status"": ""play/pause clicked: 0""}"
debugOCOHJ1:debugLIV0J8,26,1604952540142,"{""phase"": ""response_video"", ""status"": ""video ended""}"
debugOCOHJ1:debugLIV0J8,27,1604952542527,"{""phase"": ""response_video"", ""status"": ""submit""}"
debugOCOHJ1:debugLIV0J8,28,1604952542533,"{""phase"": ""questions"", ""status"": ""begin""}"
debugOCOHJ1:debugLIV0J8,29,1604952567286,"{""phase"": ""questions_/static/videos/response/question/toward_hips"", ""status"": ""submit""}"
debugOCOHJ1:debugLIV0J8,30,1604952567292,"{""phase"": ""response_video"", ""status"": ""begin""}"
debugOCOHJ1:debugLIV0J8,31,1604952569797,"{""phase"": ""response_video"", ""status"": ""play/pause clicked: 0""}"
debugOCOHJ1:debugLIV0J8,32,1604952580161,"{""phase"": ""response_video"", ""status"": ""video ended""}"
debugOCOHJ1:debugLIV0J8,33,1604952581087,"{""phase"": ""response_video"", ""status"": ""submit""}"
debugOCOHJ1:debugLIV0J8,34,1604952581092,"{""phase"": ""questions"", ""status"": ""begin""}"
debugOCOHJ1:debugLIV0J8,35,1604952607046,"{""phase"": ""questions_/static/videos/response/question/away_shrug"", ""status"": ""submit""}"
debugOCOHJ1:debugLIV0J8,36,1604952607054,"{""phase"": ""response_video"", ""status"": ""begin""}"
debugOCOHJ1:debugLIV0J8,37,1604952609680,"{""phase"": ""response_video"", ""status"": ""play/pause clicked: 0""}"
debugOCOHJ1:debugLIV0J8,38,1604952620778,"{""phase"": ""response_video"", ""status"": ""video ended""}"
debugOCOHJ1:debugLIV0J8,39,1604952637859,"{""phase"": ""response_video"", ""status"": ""submit""}"
debugOCOHJ1:debugLIV0J8,40,1604952637877,"{""phase"": ""questions"", ""status"": ""begin""}"
debugOCOHJ1:debugLIV0J8,41,1604952664083,"{""phase"": ""questions_/static/videos/response/question/away_hips"", ""status"": ""submit""}"
debugOCOHJ1:debugLIV0J8,42,1604952664089,"{""phase"": ""checkquestion"", ""status"": ""begin""}"
debugOCOHJ1:debugLIV0J8,43,1604952668873,"{""phase"": ""checkquestion"", ""status"": ""submit""}"
debug4PA0B8:debugH20M5S,0,1604954706650,"{""phase"": ""INSTRUCTIONS"", ""templates"": [""instruct-1.html""], ""action"": ""Begin""}"
debug4PA0B8:debugH20M5S,1,1604954708182,"{""phase"": ""INSTRUCTIONS"", ""indexOf"": 0, ""viewTime"": 1529, ""action"": ""FinishInstructions"", ""template"": ""instruct-1.html""}"
debug4PA0B8:debugH20M5S,2,1604954708188,"{""phase"": ""demoquestionnaire"", ""status"": ""begin""}"
debug4PA0B8:debugH20M5S,3,1604954723729,"{""phase"": ""demoquestionnaire"", ""status"": ""submit""}"
debug4PA0B8:debugH20M5S,4,1604954723747,"{""phase"": ""vidcheck"", ""status"": ""begin""}"
debug4PA0B8:debugH20M5S,5,1604954724618,"{""phase"": ""vidcheck"", ""status"": ""play/pause clicked: 0""}"
debug4PA0B8:debugH20M5S,6,1604954735392,"{""phase"": ""vidcheck"", ""status"": ""video ended""}"
debug4PA0B8:debugH20M5S,7,1604954735871,"{""phase"": ""vidcheck"", ""status"": ""submit""}"
debugMCVTUR:debugQ10MS7,0,1604955120408,"{""phase"": ""INSTRUCTIONS"", ""templates"": [""instruct-1.html""], ""action"": ""Begin""}"
debugMCVTUR:debugQ10MS7,1,1604955121451,"{""phase"": ""INSTRUCTIONS"", ""indexOf"": 0, ""viewTime"": 1040, ""action"": ""FinishInstructions"", ""template"": ""instruct-1.html""}"
debugMCVTUR:debugQ10MS7,2,1604955121458,"{""phase"": ""demoquestionnaire"", ""status"": ""begin""}"
debugMCVTUR:debugQ10MS7,3,1604955125237,"{""phase"": ""demoquestionnaire"", ""status"": ""submit""}"
debugMCVTUR:debugQ10MS7,4,1604955125254,"{""phase"": ""vidcheck"", ""status"": ""begin""}"
debugMCVTUR:debugQ10MS7,5,1604955127241,"{""phase"": ""vidcheck"", ""status"": ""play/pause clicked: 0""}"
debugMCVTUR:debugQ10MS7,6,1604955138018,"{""phase"": ""vidcheck"", ""status"": ""video ended""}"
debugMCVTUR:debugQ10MS7,7,1604955146146,"{""phase"": ""vidcheck"", ""status"": ""submit""}"
debugSPF9AW:debugJC30IE,0,1604974825450,"{""phase"": ""INSTRUCTIONS"", ""templates"": [""instruct-1.html""], ""action"": ""Begin""}"
debugSPF9AW:debugJC30IE,1,1604974826373,"{""phase"": ""INSTRUCTIONS"", ""indexOf"": 0, ""viewTime"": 920, ""action"": ""FinishInstructions"", ""template"": ""instruct-1.html""}"
debugSPF9AW:debugJC30IE,2,1604974826378,"{""phase"": ""demoquestionnaire"", ""status"": ""begin""}"
debugSPF9AW:debugJC30IE,3,1604974830625,"{""phase"": ""demoquestionnaire"", ""status"": ""submit""}"
debugSPF9AW:debugJC30IE,4,1604974830652,"{""phase"": ""vidcheck"", ""status"": ""begin""}"
debugSPF9AW:debugJC30IE,5,1604974832045,"{""phase"": ""vidcheck"", ""status"": ""play/pause clicked: 0""}"
debugSPF9AW:debugJC30IE,6,1604974842836,"{""phase"": ""vidcheck"", ""status"": ""video ended""}"
debugSPF9AW:debugJC30IE,7,1604974843301,"{""phase"": ""vidcheck"", ""status"": ""submit""}"
debugRNENV5:debug8SY7ZZ,0,1604974886695,"{""phase"": ""INSTRUCTIONS"", ""templates"": [""instruct-1.html""], ""action"": ""Begin""}"
debugRNENV5:debug8SY7ZZ,1,1604974888102,"{""phase"": ""INSTRUCTIONS"", ""indexOf"": 0, ""viewTime"": 1404, ""action"": ""FinishInstructions"", ""template"": ""instruct-1.html""}"
debugRNENV5:debug8SY7ZZ,2,1604974888110,"{""phase"": ""demoquestionnaire"", ""status"": ""begin""}"
debugRNENV5:debug8SY7ZZ,3,1604974891689,"{""phase"": ""demoquestionnaire"", ""status"": ""submit""}"
debugRNENV5:debug8SY7ZZ,4,1604974891711,"{""phase"": ""vidcheck"", ""status"": ""begin""}"
debugRNENV5:debug8SY7ZZ,5,1604974894443,"{""phase"": ""vidcheck"", ""status"": ""play/pause clicked: 0""}"
debugRNENV5:debug8SY7ZZ,6,1604974905255,"{""phase"": ""vidcheck"", ""status"": ""video ended""}"
debugRNENV5:debug8SY7ZZ,7,1604974905600,"{""phase"": ""vidcheck"", ""status"": ""submit""}"
debug67CDN9:debugMRZH7M,0,1604974950548,"{""phase"": ""INSTRUCTIONS"", ""templates"": [""instruct-1.html""], ""action"": ""Begin""}"
debug67CDN9:debugMRZH7M,1,1604974951407,"{""phase"": ""INSTRUCTIONS"", ""indexOf"": 0, ""viewTime"": 856, ""action"": ""FinishInstructions"", ""template"": ""instruct-1.html""}"
debug67CDN9:debugMRZH7M,2,1604974951413,"{""phase"": ""demoquestionnaire"", ""status"": ""begin""}"
debug67CDN9:debugMRZH7M,3,1604974954657,"{""phase"": ""demoquestionnaire"", ""status"": ""submit""}"
debug67CDN9:debugMRZH7M,4,1604974954680,"{""phase"": ""vidcheck"", ""status"": ""begin""}"
debug67CDN9:debugMRZH7M,5,1604974956099,"{""phase"": ""vidcheck"", ""status"": ""play/pause clicked: 0""}"
debug67CDN9:debugMRZH7M,6,1604974966889,"{""phase"": ""vidcheck"", ""status"": ""video ended""}"
debug67CDN9:debugMRZH7M,7,1604974967262,"{""phase"": ""vidcheck"", ""status"": ""submit""}"
debug5U0FQ1:debugD0TDX2,0,1604975478173,"{""phase"": ""INSTRUCTIONS"", ""templates"": [""instruct-1.html""], ""action"": ""Begin""}"
debug5U0FQ1:debugD0TDX2,1,1604975478992,"{""phase"": ""INSTRUCTIONS"", ""indexOf"": 0, ""viewTime"": 816, ""action"": ""FinishInstructions"", ""template"": ""instruct-1.html""}"
debug5U0FQ1:debugD0TDX2,2,1604975478997,"{""phase"": ""demoquestionnaire"", ""status"": ""begin""}"
debug5U0FQ1:debugD0TDX2,3,1604975482055,"{""phase"": ""demoquestionnaire"", ""status"": ""submit""}"
debug5U0FQ1:debugD0TDX2,4,1604975482082,"{""phase"": ""vidcheck"", ""status"": ""begin""}"
debug5U0FQ1:debugD0TDX2,5,1604975483573,"{""phase"": ""vidcheck"", ""status"": ""play/pause clicked: 0""}"
debug5U0FQ1:debugD0TDX2,6,1604975494356,"{""phase"": ""vidcheck"", ""status"": ""video ended""}"
debug5U0FQ1:debugD0TDX2,7,1604975494931,"{""phase"": ""vidcheck"", ""status"": ""submit""}"
debugO2QXRL:debugZM694U,0,1604975685134,"{""phase"": ""INSTRUCTIONS"", ""templates"": [""instruct-1.html""], ""action"": ""Begin""}"
debugO2QXRL:debugZM694U,1,1604975685981,"{""phase"": ""INSTRUCTIONS"", ""indexOf"": 0, ""viewTime"": 845, ""action"": ""FinishInstructions"", ""template"": ""instruct-1.html""}"
debugO2QXRL:debugZM694U,2,1604975685986,"{""phase"": ""demoquestionnaire"", ""status"": ""begin""}"
debugO2QXRL:debugZM694U,3,1604975690010,"{""phase"": ""demoquestionnaire"", ""status"": ""submit""}"
debugO2QXRL:debugZM694U,4,1604975690031,"{""phase"": ""vidcheck"", ""status"": ""begin""}"
debugO2QXRL:debugZM694U,5,1604975691231,"{""phase"": ""vidcheck"", ""status"": ""play/pause clicked: 0""}"
debugO2QXRL:debugZM694U,6,1604975702016,"{""phase"": ""vidcheck"", ""status"": ""video ended""}"
debugO2QXRL:debugZM694U,7,1604975702377,"{""phase"": ""vidcheck"", ""status"": ""submit""}"
debug1XA59Y:debugFJUZS1,0,1604976072592,"{""phase"": ""INSTRUCTIONS"", ""templates"": [""instruct-1.html""], ""action"": ""Begin""}"
debug1XA59Y:debugFJUZS1,1,1604976073558,"{""phase"": ""INSTRUCTIONS"", ""indexOf"": 0, ""viewTime"": 964, ""action"": ""FinishInstructions"", ""template"": ""instruct-1.html""}"
debug1XA59Y:debugFJUZS1,2,1604976073568,"{""phase"": ""demoquestionnaire"", ""status"": ""begin""}"
debug1XA59Y:debugFJUZS1,3,1604976077153,"{""phase"": ""demoquestionnaire"", ""status"": ""submit""}"
debug446B01:debugB8THC5,0,1604976186748,"{""phase"": ""INSTRUCTIONS"", ""templates"": [""instruct-1.html""], ""action"": ""Begin""}"
debug446B01:debugB8THC5,1,1604976187757,"{""phase"": ""INSTRUCTIONS"", ""indexOf"": 0, ""viewTime"": 1006, ""action"": ""FinishInstructions"", ""template"": ""instruct-1.html""}"
debug446B01:debugB8THC5,2,1604976187764,"{""phase"": ""demoquestionnaire"", ""status"": ""begin""}"
debug446B01:debugB8THC5,3,1604976190562,"{""phase"": ""demoquestionnaire"", ""status"": ""submit""}"
debugRWY8KC:debugY75O53,0,1604976886736,"{""phase"": ""INSTRUCTIONS"", ""templates"": [""instruct-1.html""], ""action"": ""Begin""}"
debugRWY8KC:debugY75O53,1,1604976887714,"{""phase"": ""INSTRUCTIONS"", ""indexOf"": 0, ""viewTime"": 975, ""action"": ""FinishInstructions"", ""template"": ""instruct-1.html""}"
debugRWY8KC:debugY75O53,2,1604976887731,"{""phase"": ""demoquestionnaire"", ""status"": ""begin""}"
debugRWY8KC:debugY75O53,3,1604976891713,"{""phase"": ""demoquestionnaire"", ""status"": ""submit""}"
debug63Z6Y3:debugDEMHV5,0,1604977057519,"{""phase"": ""INSTRUCTIONS"", ""templates"": [""instruct-1.html""], ""action"": ""Begin""}"
debug63Z6Y3:debugDEMHV5,1,1604977058582,"{""phase"": ""INSTRUCTIONS"", ""indexOf"": 0, ""viewTime"": 1062, ""action"": ""FinishInstructions"", ""template"": ""instruct-1.html""}"
debug63Z6Y3:debugDEMHV5,2,1604977058590,"{""phase"": ""demoquestionnaire"", ""status"": ""begin""}"
debug63Z6Y3:debugDEMHV5,3,1604977063071,"{""phase"": ""demoquestionnaire"", ""status"": ""submit""}"
debugTPVO1D:debugZJZ8IY,0,1604977343551,"{""phase"": ""INSTRUCTIONS"", ""templates"": [""instruct-1.html""], ""action"": ""Begin""}"
debugTPVO1D:debugZJZ8IY,1,1604977344808,"{""phase"": ""INSTRUCTIONS"", ""indexOf"": 0, ""viewTime"": 1256, ""action"": ""FinishInstructions"", ""template"": ""instruct-1.html""}"
debugTPVO1D:debugZJZ8IY,2,1604977344819,"{""phase"": ""demoquestionnaire"", ""status"": ""begin""}"
debugTPVO1D:debugZJZ8IY,3,1604977348016,"{""phase"": ""demoquestionnaire"", ""status"": ""submit""}"
debugTPVO1D:debugZJZ8IY,4,1604977348032,"{""phase"": ""vidcheck"", ""status"": ""begin""}"
debugTPVO1D:debugZJZ8IY,5,1604977350922,"{""phase"": ""vidcheck"", ""status"": ""play/pause clicked: 0""}"
debugTPVO1D:debugZJZ8IY,6,1604977361685,"{""phase"": ""vidcheck"", ""status"": ""video ended""}"
debugTPVO1D:debugZJZ8IY,7,1604977365434,"{""phase"": ""vidcheck"", ""status"": ""submit""}"
debugTPVO1D:debugZJZ8IY,8,1604977365439,"{""phase"": ""command_video"", ""status"": ""begin""}"
debugTPVO1D:debugZJZ8IY,9,1604977367017,"{""phase"": ""command_video"", ""status"": ""play/pause clicked: 0""}"
debugTPVO1D:debugZJZ8IY,10,1604977383867,"{""phase"": ""command_video"", ""status"": ""video ended""}"
debugTPVO1D:debugZJZ8IY,11,1604977384306,"{""phase"": ""command_video"", ""status"": ""submit""}"
debugTPVO1D:debugZJZ8IY,12,1604977384313,"{""phase"": ""last_questions"", ""status"": ""begin""}"
debugTPVO1D:debugZJZ8IY,13,1604977409573,"{""phase"": ""final_question"", ""status"": ""submit""}"
debugTPVO1D:debugZJZ8IY,14,1604977409582,"{""phase"": ""checkquestion"", ""status"": ""begin""}"
debugTPVO1D:debugZJZ8IY,15,1604977412633,"{""phase"": ""checkquestion"", ""status"": ""submit""}"
debugKJU1U6:debugOFJ2P6,0,1604977759720,"{""phase"": ""INSTRUCTIONS"", ""templates"": [""instruct-1.html""], ""action"": ""Begin""}"
debugKJU1U6:debugOFJ2P6,1,1604977760955,"{""phase"": ""INSTRUCTIONS"", ""indexOf"": 0, ""viewTime"": 1233, ""action"": ""FinishInstructions"", ""template"": ""instruct-1.html""}"
debugKJU1U6:debugOFJ2P6,2,1604977760962,"{""phase"": ""demoquestionnaire"", ""status"": ""begin""}"
debugKJU1U6:debugOFJ2P6,3,1604977763727,"{""phase"": ""demoquestionnaire"", ""status"": ""submit""}"
debugP24JWQ:debugSKPOZV,0,1604978043457,"{""phase"": ""INSTRUCTIONS"", ""templates"": [""instruct-1.html""], ""action"": ""Begin""}"
debugP24JWQ:debugSKPOZV,1,1604978044285,"{""phase"": ""INSTRUCTIONS"", ""indexOf"": 0, ""viewTime"": 825, ""action"": ""FinishInstructions"", ""template"": ""instruct-1.html""}"
debugP24JWQ:debugSKPOZV,2,1604978044290,"{""phase"": ""demoquestionnaire"", ""status"": ""begin""}"
debugP24JWQ:debugSKPOZV,3,1604978047620,"{""phase"": ""demoquestionnaire"", ""status"": ""submit""}"
debugP24JWQ:debugSKPOZV,4,1604978047639,"{""phase"": ""vidcheck"", ""status"": ""begin""}"
debugP24JWQ:debugSKPOZV,5,1604978048794,"{""phase"": ""vidcheck"", ""status"": ""play/pause clicked: 0""}"
debugP24JWQ:debugSKPOZV,6,1604978059567,"{""phase"": ""vidcheck"", ""status"": ""video ended""}"
debugP24JWQ:debugSKPOZV,7,1604978059901,"{""phase"": ""vidcheck"", ""status"": ""submit""}"
debugP24JWQ:debugSKPOZV,8,1604978059906,"{""phase"": ""command_video"", ""status"": ""begin""}"
debugP24JWQ:debugSKPOZV,9,1604978061532,"{""phase"": ""command_video"", ""status"": ""play/pause clicked: 0""}"
debugP24JWQ:debugSKPOZV,10,1604978080641,"{""phase"": ""command_video"", ""status"": ""video ended""}"
debugP24JWQ:debugSKPOZV,11,1604978081223,"{""phase"": ""command_video"", ""status"": ""submit""}"
debugP24JWQ:debugSKPOZV,12,1604978081227,"{""phase"": ""questions"", ""status"": ""begin""}"
debugP24JWQ:debugSKPOZV,13,1604978096930,"{""phase"": ""questions_/static/videos/response/rebuke/passive"", ""status"": ""submit""}"
debugP24JWQ:debugSKPOZV,14,1604978098446,"{""phase"": ""final_question"", ""status"": ""submit""}"
debugP24JWQ:debugSKPOZV,15,1604978098679,"{""phase"": ""final_question"", ""status"": ""submit""}"
debugP24JWQ:debugSKPOZV,16,1604978098847,"{""phase"": ""final_question"", ""status"": ""submit""}"
debugP24JWQ:debugSKPOZV,17,1604978098855,"{""phase"": ""checkquestion"", ""status"": ""begin""}"
debugP24JWQ:debugSKPOZV,18,1604978103836,"{""phase"": ""checkquestion"", ""status"": ""submit""}"
debugI43EOV:debug518A1H,0,1604978243528,"{""phase"": ""INSTRUCTIONS"", ""templates"": [""instruct-1.html""], ""action"": ""Begin""}"
debugI43EOV:debug518A1H,1,1604978244404,"{""phase"": ""INSTRUCTIONS"", ""indexOf"": 0, ""viewTime"": 873, ""action"": ""FinishInstructions"", ""template"": ""instruct-1.html""}"
debugI43EOV:debug518A1H,2,1604978244410,"{""phase"": ""demoquestionnaire"", ""status"": ""begin""}"
debugI43EOV:debug518A1H,3,1604978248133,"{""phase"": ""demoquestionnaire"", ""status"": ""submit""}"
debug8A216J:debugSWPROJ,0,1604978824598,"{""phase"": ""INSTRUCTIONS"", ""templates"": [""instruct-1.html""], ""action"": ""Begin""}"
debug8A216J:debugSWPROJ,1,1604978825598,"{""phase"": ""INSTRUCTIONS"", ""indexOf"": 0, ""viewTime"": 998, ""action"": ""FinishInstructions"", ""template"": ""instruct-1.html""}"
debug8A216J:debugSWPROJ,2,1604978825606,"{""phase"": ""demoquestionnaire"", ""status"": ""begin""}"
debug8A216J:debugSWPROJ,3,1604978828415,"{""phase"": ""demoquestionnaire"", ""status"": ""submit""}"
debugM903JE:debugJNJ477,0,1604978975832,"{""phase"": ""INSTRUCTIONS"", ""templates"": [""instruct-1.html""], ""action"": ""Begin""}"
debugM903JE:debugJNJ477,1,1604978976774,"{""phase"": ""INSTRUCTIONS"", ""indexOf"": 0, ""viewTime"": 940, ""action"": ""FinishInstructions"", ""template"": ""instruct-1.html""}"
debugM903JE:debugJNJ477,2,1604978976782,"{""phase"": ""demoquestionnaire"", ""status"": ""begin""}"
debugM903JE:debugJNJ477,3,1604978981185,"{""phase"": ""demoquestionnaire"", ""status"": ""submit""}"
debugUFE3HL:debugVZ8HB5,0,1604979220131,"{""phase"": ""INSTRUCTIONS"", ""templates"": [""instruct-1.html""], ""action"": ""Begin""}"
debugUFE3HL:debugVZ8HB5,1,1604979220847,"{""phase"": ""INSTRUCTIONS"", ""indexOf"": 0, ""viewTime"": 714, ""action"": ""FinishInstructions"", ""template"": ""instruct-1.html""}"
debugUFE3HL:debugVZ8HB5,2,1604979220855,"{""phase"": ""demoquestionnaire"", ""status"": ""begin""}"
debugUFE3HL:debugVZ8HB5,3,1604979225636,"{""phase"": ""demoquestionnaire"", ""status"": ""submit""}"
debug8SD5VD:debugXXB252,0,1604979409484,"{""phase"": ""INSTRUCTIONS"", ""templates"": [""instruct-1.html""], ""action"": ""Begin""}"
debug8SD5VD:debugXXB252,1,1604979414518,"{""phase"": ""INSTRUCTIONS"", ""indexOf"": 0, ""viewTime"": 5032, ""action"": ""FinishInstructions"", ""template"": ""instruct-1.html""}"
debug8SD5VD:debugXXB252,2,1604979414534,"{""phase"": ""demoquestionnaire"", ""status"": ""begin""}"
debug8SD5VD:debugXXB252,3,1604979418062,"{""phase"": ""demoquestionnaire"", ""status"": ""submit""}"
debugNKD512:debug3OVAK6,0,1604979580500,"{""phase"": ""INSTRUCTIONS"", ""templates"": [""instruct-1.html""], ""action"": ""Begin""}"
debugNKD512:debug3OVAK6,1,1604979581607,"{""phase"": ""INSTRUCTIONS"", ""indexOf"": 0, ""viewTime"": 1105, ""action"": ""FinishInstructions"", ""template"": ""instruct-1.html""}"
debugNKD512:debug3OVAK6,2,1604979581615,"{""phase"": ""demoquestionnaire"", ""status"": ""begin""}"
debugNKD512:debug3OVAK6,3,1604979585335,"{""phase"": ""demoquestionnaire"", ""status"": ""submit""}"
debugORYPTF:debugZQ3MJQ,0,1604979708098,"{""phase"": ""INSTRUCTIONS"", ""templates"": [""instruct-1.html""], ""action"": ""Begin""}"
debugORYPTF:debugZQ3MJQ,1,1604979711112,"{""phase"": ""INSTRUCTIONS"", ""indexOf"": 0, ""viewTime"": 3013, ""action"": ""FinishInstructions"", ""template"": ""instruct-1.html""}"
debugORYPTF:debugZQ3MJQ,2,1604979711118,"{""phase"": ""demoquestionnaire"", ""status"": ""begin""}"
debugORYPTF:debugZQ3MJQ,3,1604979715923,"{""phase"": ""demoquestionnaire"", ""status"": ""submit""}"
debug59QRZ5:debugMF1TYO,0,1604979852264,"{""phase"": ""INSTRUCTIONS"", ""templates"": [""instruct-1.html""], ""action"": ""Begin""}"
debug59QRZ5:debugMF1TYO,1,1604979853270,"{""phase"": ""INSTRUCTIONS"", ""indexOf"": 0, ""viewTime"": 1003, ""action"": ""FinishInstructions"", ""template"": ""instruct-1.html""}"
debug59QRZ5:debugMF1TYO,2,1604979853280,"{""phase"": ""demoquestionnaire"", ""status"": ""begin""}"
debug59QRZ5:debugMF1TYO,3,1604979857509,"{""phase"": ""demoquestionnaire"", ""status"": ""submit""}"
debugA4QKJI:debugQEY72W,0,1604979957193,"{""phase"": ""INSTRUCTIONS"", ""templates"": [""instruct-1.html""], ""action"": ""Begin""}"
debugA4QKJI:debugQEY72W,1,1604979958112,"{""phase"": ""INSTRUCTIONS"", ""indexOf"": 0, ""viewTime"": 916, ""action"": ""FinishInstructions"", ""template"": ""instruct-1.html""}"
debugA4QKJI:debugQEY72W,2,1604979958121,"{""phase"": ""demoquestionnaire"", ""status"": ""begin""}"
debugA4QKJI:debugQEY72W,3,1604979961905,"{""phase"": ""demoquestionnaire"", ""status"": ""submit""}"
debug4ZBGBP:debug1SH5D7,0,1604980048570,"{""action"": ""Begin"", ""phase"": ""INSTRUCTIONS"", ""templates"": [""instruct-1.html""]}"
debug4ZBGBP:debug1SH5D7,1,1604980049686,"{""action"": ""FinishInstructions"", ""indexOf"": 0, ""viewTime"": 1114, ""phase"": ""INSTRUCTIONS"", ""template"": ""instruct-1.html""}"
debug4ZBGBP:debug1SH5D7,2,1604980059653,"{""phase"": ""INSTRUCTIONS"", ""templates"": [""instruct-1.html""], ""action"": ""Begin""}"
debug4ZBGBP:debug1SH5D7,3,1604980060575,"{""phase"": ""INSTRUCTIONS"", ""indexOf"": 0, ""viewTime"": 920, ""action"": ""FinishInstructions"", ""template"": ""instruct-1.html""}"
debug4ZBGBP:debug1SH5D7,4,1604980060580,"{""phase"": ""demoquestionnaire"", ""status"": ""begin""}"
debug4ZBGBP:debug1SH5D7,5,1604980064223,"{""phase"": ""demoquestionnaire"", ""status"": ""submit""}"
debugTCZJN2:debug5HY7SM,0,1604980259881,"{""phase"": ""INSTRUCTIONS"", ""templates"": [""instruct-1.html""], ""action"": ""Begin""}"
debugTCZJN2:debug5HY7SM,1,1604980260720,"{""phase"": ""INSTRUCTIONS"", ""indexOf"": 0, ""viewTime"": 837, ""action"": ""FinishInstructions"", ""template"": ""instruct-1.html""}"
debugTCZJN2:debug5HY7SM,2,1604980260729,"{""phase"": ""demoquestionnaire"", ""status"": ""begin""}"
debugTCZJN2:debug5HY7SM,3,1604980266097,"{""phase"": ""demoquestionnaire"", ""status"": ""submit""}"
debug9GUM8C:debugBT0SCZ,0,1604980445388,"{""phase"": ""INSTRUCTIONS"", ""templates"": [""instruct-1.html""], ""action"": ""Begin""}"
debug9GUM8C:debugBT0SCZ,1,1604980446296,"{""phase"": ""INSTRUCTIONS"", ""indexOf"": 0, ""viewTime"": 906, ""action"": ""FinishInstructions"", ""template"": ""instruct-1.html""}"
debug9GUM8C:debugBT0SCZ,2,1604980446313,"{""phase"": ""demoquestionnaire"", ""status"": ""begin""}"
debug9GUM8C:debugBT0SCZ,3,1604980449882,"{""phase"": ""demoquestionnaire"", ""status"": ""submit""}"
debug37T227:debug24O3B4,0,1604980756984,"{""phase"": ""INSTRUCTIONS"", ""templates"": [""instruct-1.html""], ""action"": ""Begin""}"
debug37T227:debug24O3B4,1,1604980757899,"{""phase"": ""INSTRUCTIONS"", ""indexOf"": 0, ""viewTime"": 913, ""action"": ""FinishInstructions"", ""template"": ""instruct-1.html""}"
debug37T227:debug24O3B4,2,1604980757905,"{""phase"": ""demoquestionnaire"", ""status"": ""begin""}"
debug37T227:debug24O3B4,3,1604980761109,"{""phase"": ""demoquestionnaire"", ""status"": ""submit""}"
debug1USQVF:debugLLC43C,0,1604980977950,"{""phase"": ""INSTRUCTIONS"", ""templates"": [""instruct-1.html""], ""action"": ""Begin""}"
debug1USQVF:debugLLC43C,1,1604980978892,"{""phase"": ""INSTRUCTIONS"", ""indexOf"": 0, ""viewTime"": 939, ""action"": ""FinishInstructions"", ""template"": ""instruct-1.html""}"
debug1USQVF:debugLLC43C,2,1604980978900,"{""phase"": ""demoquestionnaire"", ""status"": ""begin""}"
debug1USQVF:debugLLC43C,3,1604980983124,"{""phase"": ""demoquestionnaire"", ""status"": ""submit""}"
debugMNRLD5:debugVWX9NE,0,1604981132257,"{""phase"": ""INSTRUCTIONS"", ""templates"": [""instruct-1.html""], ""action"": ""Begin""}"
debugMNRLD5:debugVWX9NE,1,1604981133176,"{""phase"": ""INSTRUCTIONS"", ""indexOf"": 0, ""viewTime"": 917, ""action"": ""FinishInstructions"", ""template"": ""instruct-1.html""}"
debugMNRLD5:debugVWX9NE,2,1604981133183,"{""phase"": ""demoquestionnaire"", ""status"": ""begin""}"
debugMNRLD5:debugVWX9NE,3,1604981137024,"{""phase"": ""demoquestionnaire"", ""status"": ""submit""}"
debugINVXOM:debugXJSYC3,0,1604981343872,"{""phase"": ""INSTRUCTIONS"", ""templates"": [""instruct-1.html""], ""action"": ""Begin""}"
debugINVXOM:debugXJSYC3,1,1604981344851,"{""phase"": ""INSTRUCTIONS"", ""indexOf"": 0, ""viewTime"": 977, ""action"": ""FinishInstructions"", ""template"": ""instruct-1.html""}"
debugINVXOM:debugXJSYC3,2,1604981344856,"{""phase"": ""demoquestionnaire"", ""status"": ""begin""}"
debugINVXOM:debugXJSYC3,3,1604981348102,"{""phase"": ""demoquestionnaire"", ""status"": ""submit""}"
debugINVXOM:debugXJSYC3,4,1604981348123,"{""phase"": ""vidcheck"", ""status"": ""begin""}"
debugINVXOM:debugXJSYC3,5,1604981348943,"{""phase"": ""vidcheck"", ""status"": ""play/pause clicked: 0""}"
debugINVXOM:debugXJSYC3,6,1604981359736,"{""phase"": ""vidcheck"", ""status"": ""video ended""}"
debugINVXOM:debugXJSYC3,7,1604981360236,"{""phase"": ""vidcheck"", ""status"": ""submit""}"
debugINVXOM:debugXJSYC3,8,1604981360241,"{""phase"": ""command_video"", ""status"": ""begin""}"
debugINVXOM:debugXJSYC3,9,1604981361269,"{""phase"": ""command_video"", ""status"": ""play/pause clicked: 0""}"
debugINVXOM:debugXJSYC3,10,1604981378100,"{""phase"": ""command_video"", ""status"": ""video ended""}"
debugINVXOM:debugXJSYC3,11,1604981378857,"{""phase"": ""command_video"", ""status"": ""submit""}"
debugINVXOM:debugXJSYC3,12,1604981378860,"{""phase"": ""questions"", ""status"": ""begin""}"
debugINVXOM:debugXJSYC3,13,1604981384569,"{""phase"": ""questions_/static/videos/response/question/aggressive"", ""status"": ""submit""}"
debugINVXOM:debugXJSYC3,14,1604981384597,"{""phase"": ""checkquestion"", ""status"": ""begin""}"
debugINVXOM:debugXJSYC3,15,1604981388002,"{""phase"": ""checkquestion"", ""status"": ""submit""}"
debugKEVYZ5:debug2MW3XU,0,1604981649936,"{""phase"": ""INSTRUCTIONS"", ""templates"": [""instruct-1.html""], ""action"": ""Begin""}"
debugKEVYZ5:debug2MW3XU,1,1604981653740,"{""phase"": ""INSTRUCTIONS"", ""indexOf"": 0, ""viewTime"": 3801, ""action"": ""FinishInstructions"", ""template"": ""instruct-1.html""}"
debugKEVYZ5:debug2MW3XU,2,1604981653750,"{""phase"": ""demoquestionnaire"", ""status"": ""begin""}"
debugKEVYZ5:debug2MW3XU,3,1604981657693,"{""phase"": ""demoquestionnaire"", ""status"": ""submit""}"
debugKEVYZ5:debug2MW3XU,4,1604981657713,"{""phase"": ""vidcheck"", ""status"": ""begin""}"
debugKEVYZ5:debug2MW3XU,5,1604981658637,"{""phase"": ""vidcheck"", ""status"": ""play/pause clicked: 0""}"
debugKEVYZ5:debug2MW3XU,6,1604981669420,"{""phase"": ""vidcheck"", ""status"": ""video ended""}"
debugKEVYZ5:debug2MW3XU,7,1604981671282,"{""phase"": ""vidcheck"", ""status"": ""submit""}"
debugKEVYZ5:debug2MW3XU,8,1604981671288,"{""phase"": ""command_video"", ""status"": ""begin""}"
debugKEVYZ5:debug2MW3XU,9,1604981674858,"{""phase"": ""command_video"", ""status"": ""play/pause clicked: 0""}"
debugKEVYZ5:debug2MW3XU,10,1604981691693,"{""phase"": ""command_video"", ""status"": ""video ended""}"
debugKEVYZ5:debug2MW3XU,11,1604981692766,"{""phase"": ""command_video"", ""status"": ""submit""}"
debugKEVYZ5:debug2MW3XU,12,1604981692770,"{""phase"": ""questions"", ""status"": ""begin""}"
debugKEVYZ5:debug2MW3XU,13,1604981698010,"{""phase"": ""questions_/static/videos/response/question/aggressive"", ""status"": ""submit""}"
debugKEVYZ5:debug2MW3XU,14,1604981698016,"{""phase"": ""checkquestion"", ""status"": ""begin""}"
debugKEVYZ5:debug2MW3XU,15,1604981700319,"{""phase"": ""checkquestion"", ""status"": ""submit""}"
debugVYZQQD:debugDICQKP,0,1606240336964,"{""phase"": ""INSTRUCTIONS"", ""templates"": [""instruct-1.html""], ""action"": ""Begin""}"
debugVYZQQD:debugDICQKP,1,1606240338220,"{""phase"": ""INSTRUCTIONS"", ""indexOf"": 0, ""viewTime"": 1253, ""action"": ""FinishInstructions"", ""template"": ""instruct-1.html""}"
debugVYZQQD:debugDICQKP,2,1606240338236,"{""phase"": ""demoquestionnaire"", ""status"": ""begin""}"
debugVYZQQD:debugDICQKP,3,1606240341820,"{""phase"": ""demoquestionnaire"", ""status"": ""submit""}"
debugVYZQQD:debugDICQKP,4,1606240341877,"{""phase"": ""vidcheck"", ""status"": ""begin""}"
debugVYZQQD:debugDICQKP,5,1606240343698,"{""phase"": ""vidcheck"", ""status"": ""play/pause clicked: 0""}"
debugVYZQQD:debugDICQKP,6,1606240354852,"{""phase"": ""vidcheck"", ""status"": ""video ended""}"
debugVYZQQD:debugDICQKP,7,1606240355159,"{""phase"": ""vidcheck"", ""status"": ""submit""}"
debugVYZQQD:debugDICQKP,8,1606240355175,"{""phase"": ""command_video"", ""status"": ""begin""}"
debugVYZQQD:debugDICQKP,9,1606240357019,"{""phase"": ""command_video"", ""status"": ""play/pause clicked: 0""}"
debugVYZQQD:debugDICQKP,10,1606240374049,"{""phase"": ""command_video"", ""status"": ""video ended""}"
debugVYZQQD:debugDICQKP,11,1606240380910,"{""phase"": ""command_video"", ""status"": ""submit""}"
debugVYZQQD:debugDICQKP,12,1606240380920,"{""phase"": ""questions"", ""status"": ""begin""}"
debugVYZQQD:debugDICQKP,13,1606240388134,"{""phase"": ""questions_/static/videos/response/question/passive"", ""status"": ""submit""}"
debugVYZQQD:debugDICQKP,14,1606240388161,"{""phase"": ""checkquestion"", ""status"": ""begin""}"
debugVYZQQD:debugDICQKP,15,1606240393038,"{""phase"": ""checkquestion"", ""status"": ""submit""}"
